{
  "cols": 9,
  "data": {
    "point-0": [
      0.2551020383834839,
      0.5,
      0.8401360511779785,
      0.02380952425301075,
      0.11564625799655914,
      0.7142857313156128,
      0.8809523582458496,
      0.030612245202064514,
      0.3639455735683441
    ],
    "point-1": [
      0.2551020383834839,
      0.5,
      0.8401360511779785,
      0.02380952425301075,
      0.2925170063972473,
      0.7142857313156128,
      0.8809523582458496,
      0.030612245202064514,
      0.3639455735683441
    ],
    "point-10": [
      0.2551020383834839,
      0.5,
      0.9693877696990967,
      0.9047619104385376,
      0.2925170063972473,
      0.45578232407569885,
      0.9931972622871399,
      0.918367326259613,
      0.8333333134651184
    ],
    "point-11": [
      0.2551020383834839,
      0.5,
      0.9863945841789246,
      0.9591836929321289,
      0.2925170063972473,
      0.45578232407569885,
      0.9931972622871399,
      0.918367326259613,
      0.8333333134651184
    ],
    "point-12": [
      0.2551020383834839,
      0.5,
      0.9863945841789246,
      0.9591836929321289,
      0.2925170063972473,
      0.45578232407569885,
      0.9931972622871399,
      0.918367326259613,
      0.15306122601032257
    ],
    "point-13": [
      0.2551020383834839,
      0.5,
      0.9863945841789246,
      0.761904776096344,
      0.2925170063972473,
      0.45578232407569885,
      0.9931972622871399,
      0.523809552192688,
      0.15306122601032257
    ],
    "point-14": [
      0.2551020383834839,
      0.5,
      0.9863945841789246,
      0.761904776096344,
      0.16604578495025635,
      0.4829931855201721,
      0.28911563754081726,
      0.523809552192688,
      0.15306122601032257
    ],
    "point-15": [
      0.2551020383834839,
      0.918367326259613,
      0.9557822942733765,
      0.761904776096344,
      0.16604578495025635,
      0.8979591727256775,
      0.28911563754081726,
      0.9047619104385376,
      0.6904761791229248
    ],
    "point-16": [
      0.2551020383834839,
      0.918367326259613,
      0.9557822942733765,
      0.761904776096344,
      0.16604578495025635,
      0.8979591727256775,
      0.28911563754081726,
      0.9047619104385376,
      0.3401360511779785
    ],
    "point-17": [
      0.03741496428847313,
      0.7857142686843872,
      0.9659863710403442,
      0.3741496503353119,
      0.11564625799655914,
      0.9727891087532043,
      0.9693877696990967,
      0.17687074840068817,
      0.5034013390541077
    ],
    "point-18": [
      0.03741496428847313,
      0.7857142686843872,
      0.9659863710403442,
      0.3741496503353119,
      0.11564625799655914,
      0.9727891087532043,
      0.40816327929496765,
      0.17687074840068817,
      0.5034013390541077
    ],
    "point-19": [
      0.03741496428847313,
      0.7857142686843872,
      0.5068027377128601,
      0.7551020383834839,
      0.11564625799655914,
      0.9047619104385376,
      0.8707482814788818,
      0.17687074840068817,
      0.5034013390541077
    ],
    "point-2": [
      0.2551020383834839,
      0.5,
      0.8401360511779785,
      0.02380952425301075,
      0.2925170063972473,
      0.5170068144798279,
      0.8809523582458496,
      0.030612245202064514,
      0.3639455735683441
    ],
    "point-20": [
      0.03741496428847313,
      0.7857142686843872,
      0.5068027377128601,
      0.7551020383834839,
      0.11564625799655914,
      0.9047619104385376,
      0.8707482814788818,
      0.17687074840068817,
      0.853741466999054
    ],
    "point-21": [
      0.03741496428847313,
      0.6326530575752258,
      0.5068027377128601,
      0.7551020383834839,
      0.11564625799655914,
      0.9727891087532043,
      0.9081632494926453,
      0.9115646481513977,
      0.853741466999054
    ],
    "point-22": [
      0.03741496428847313,
      0.6326530575752258,
      0.5068027377128601,
      0.8741496801376343,
      0.11564625799655914,
      0.9727891087532043,
      0.9081632494926453,
      0.9115646481513977,
      0.853741466999054
    ],
    "point-23": [
      0.03741496428847313,
      0.6326530575752258,
      0.5068027377128601,
      0.8741496801376343,
      0.11564625799655914,
      0.9727891087532043,
      0.9081632494926453,
      0.9115646481513977,
      1.0
    ],
    "point-24": [
      0.8061224222183228,
      0.9591836929321289,
      0.9319728016853333,
      0.3571428656578064,
      0.7687074542045593,
      1.0,
      0.9047619104385376,
      0.40136054158210754,
      0.3979591727256775
    ],
    "point-3": [
      0.2551020383834839,
      0.5,
      0.9013605713844299,
      0.02380952425301075,
      0.2925170063972473,
      0.5170068144798279,
      0.9625850319862366,
      0.030612245202064514,
      0.3639455735683441
    ],
    "point-4": [
      0.2551020383834839,
      0.5,
      0.9013605713844299,
      0.02380952425301075,
      0.2925170063972473,
      0.5170068144798279,
      0.9625850319862366,
      0.030612245202064514,
      0.6292517185211182
    ],
    "point-5": [
      0.2551020383834839,
      0.5,
      0.9013605713844299,
      0.02380952425301075,
      0.2925170063972473,
      0.5170068144798279,
      0.9625850319862366,
      0.030612245202064514,
      0.8333333134651184
    ],
    "point-6": [
      0.2551020383834839,
      0.5,
      0.9013605713844299,
      0.02380952425301075,
      0.2925170063972473,
      0.6564626097679138,
      0.9625850319862366,
      0.030612245202064514,
      0.8333333134651184
    ],
    "point-7": [
      0.2551020383834839,
      0.5,
      0.9013605713844299,
      0.02380952425301075,
      0.2925170063972473,
      0.45578232407569885,
      0.9625850319862366,
      0.030612245202064514,
      0.8333333134651184
    ],
    "point-8": [
      0.2551020383834839,
      0.5,
      0.9013605713844299,
      0.7074829936027527,
      0.2925170063972473,
      0.45578232407569885,
      0.9659863710403442,
      0.7244898080825806,
      0.8333333134651184
    ],
    "point-9": [
      0.2551020383834839,
      0.5,
      0.9693877696990967,
      0.9047619104385376,
      0.2925170063972473,
      0.45578232407569885,
      0.9659863710403442,
      0.918367326259613,
      0.8333333134651184
    ]
  }
}
